season,player_name,pro_id,cbb_id
2000,Kenyon Martin,martike01,kenyon-martin-1
2000,Stromile Swift,swiftst01,stromile-swift-1
2000,Darius Miles,milesda01,
2000,Marcus Fizer,fizerma01,marcus-fizer-1
2000,Mike Miller,millemi01,mike-miller-1
2000,DerMarr Johnson,johnsde03,dermarr-johnson-1
2000,Chris Mihm,mihmch01,chris-mihm-1
2000,Jamal Crawford,crawfja01,jamal-crawford-1
2000,Joel Przybilla,przybjo01,joel-przybilla-1
2000,Keyon Dooling,doolike01,keyon-dooling-1
2000,Jérôme Moïso,moisoje01,jerome-moiso-1
2000,Etan Thomas,thomaet01,etan-thomas-1
2000,Courtney Alexander,alexaco02,courtney-alexander-1
2000,Mateen Cleaves,cleavma01,mateen-cleaves-1
2000,Jason Collier,collija02,jason-collier-1
2000,Hedo Türkoğlu,turkohe01,
2000,Desmond Mason,masonde01,desmond-mason-1
2000,Quentin Richardson,richaqu01,quentin-richardson-1
2000,Jamaal Magloire,magloja01,jamaal-magloire-1
2000,Speedy Claxton,claxtsp01,speedy-claxton-1
2000,Morris Peterson,petermo01,morris-peterson-1
2000,Donnell Harvey,harvedo01,donnell-harvey-1
2000,DeShawn Stevenson,stevede01,
2000,Dalibor Bagarić,bagarda01,
2000,Jake Tsakalidis,tsakaja01,
2000,Mamadou N'Diaye,ndiayma02,mamadou-ndiaye-1
2000,Primož Brezec,brezepr01,
2000,Erick Barkley,barkler01,erick-barkley-1
2000,Mark Madsen,madsema01,mark-madsen-1
2000,Marko Jarić,jaricma01,
2000,Dan Langhi,langhda01,dan-langhi-1
2000,A.J. Guyton,guytoaj01,aj-guyton-1
2000,Jake Voskuhl,voskuja01,jake-voskuhl-1
2000,Khalid El-Amin,elamikh01,khalid-el-amin-1
2000,Mike Smith,smithmi03,mike-smith-1
2000,Soumaila Samake,samakso01,
2000,Eddie House,houseed01,eddie-house-1
2000,Eduardo Nájera,najered01,eduardo-najera-1
2000,Lavor Postell,postela01,lavor-postell-1
2000,Hanno Möttölä,mottoha01,hanno-mottola-1
2000,Olumide Oyedeji,oyedeol01,
2000,Michael Redd,reddmi01,michael-redd-1
2000,Brian Cardinal,cardibr01,brian-cardinal-1
2000,Jabari Smith,smithja01,jabari-smith-1
2000,Jason Hart,hartja01,jason-hart-1
2000,Kaniel Dickens,dickeka01,kaniel-dickens-1
2000,Igor Rakočević,rakocig01,
2000,Ernest Brown,browner01,
2000,Dan McClintock,mcclida01,dan-mcclintock-1
2000,Chris Porter,portech01,chris-porter-1
2001,Kwame Brown,brownkw01,
2001,Tyson Chandler,chandty01,
2001,Pau Gasol,gasolpa01,
2001,Eddy Curry,curryed01,
2001,Jason Richardson,richaja01,jason-richardson-1
2001,Shane Battier,battish01,shane-battier-1
2001,Eddie Griffin,griffed01,eddie-griffin-1
2001,DeSagana Diop,diopde01,
2001,Rodney White,whitero02,rodney-white-1
2001,Joe Johnson,johnsjo02,joe-johnson-1
2001,Kedrick Brown,brownke01,
2001,Vladimir Radmanović,radmavl01,
2001,Richard Jefferson,jefferi01,richard-jefferson-1
2001,Troy Murphy,murphtr01,troy-murphy-1
2001,Steven Hunter,huntest01,steven-hunter-1
2001,Kirk Haston,hastoki01,kirk-haston-1
2001,Michael Bradley,bradlmi01,michael-bradley-1
2001,Jason Collins,collija04,jason-collins-1
2001,Zach Randolph,randoza01,zach-randolph-1
2001,Brendan Haywood,haywobr01,brendan-haywood-1
2001,Joseph Forte,fortejo01,joseph-forte-1
2001,Jeryl Sasser,sasseje01,jeryl-sasser-1
2001,Brandon Armstrong,armstbr01,brandon-armstrong-1
2001,Raül López,lopezra01,
2001,Gerald Wallace,wallage01,gerald-wallace-1
2001,Samuel Dalembert,dalemsa01,samuel-dalembert-1
2001,Jamaal Tinsley,tinslja01,jamaal-tinsley-1
2001,Tony Parker,parketo01,
2001,Trenton Hassell,hassetr01,trenton-hassell-1
2001,Gilbert Arenas,arenagi01,gilbert-arenas-1
2001,Omar Cook,cookom01,omar-cook-1
2001,Will Solomon,solomwi01,will-solomon-1
2001,Terence Morris,morrite01,terence-morris-1
2001,Brian Scalabrine,scalabr01,brian-scalabrine-1
2001,Jeff Trepagnier,trepaje01,jeff-trepagnier-1
2001,Damone Brown,brownda02,damone-brown-1
2001,Mehmet Okur,okurme01,
2001,Earl Watson,watsoea01,earl-watson-1
2001,Jamison Brewer,breweja01,jamison-brewer-1
2001,Bobby Simmons,simmobo01,bobby-simmons-1
2001,Sean Lampley,lamplse01,sean-lampley-1
2001,Loren Woods,woodslo01,loren-woods-1
2001,Antonis Fotsis,fotsian01,
2001,Ken Johnson,johnske03,ken-johnson-2
2001,Ruben Boumtje-Boumtje,boumtru01,ruben-boumtje-boumtje-1
2001,Alton Ford,fordal02,alton-ford-1
2001,Jarron Collins,collija03,jarron-collins-1
2001,Kenny Satterfield,satteke01,kenny-satterfield-1
2001,Robertas Javtokas,javtoro01,robertas-javtokas-1
2001,Alvin Jones,jonesal01,alvin-jones-1
2002,Yao Ming,mingya01,
2002,Jay Williams,willija03,jay-williams-1
2002,Mike Dunleavy,dunlemi02,mike-dunleavy-2
2002,Drew Gooden,goodedr01,drew-gooden-1
2002,Nikoloz Tskitishvili,tskitni01,
2002,Dajuan Wagner,wagneda02,dajuan-wagner-1
2002,Nenê Hilário,hilarne01,
2002,Chris Wilcox,wilcoch01,chris-wilcox-1
2002,Amar'e Stoudemire,stoudam01,
2002,Caron Butler,butleca01,caron-butler-1
2002,Jared Jeffries,jeffrja01,jared-jeffries-1
2002,Melvin Ely,elyme01,melvin-ely-1
2002,Marcus Haislip,haislma01,marcus-haislip-1
2002,Fred Jones,jonesfr01,fred-jones-1
2002,Boštjan Nachbar,nachbbo01,
2002,Jiří Welsch,welscji01,
2002,Juan Dixon,dixonju01,juan-dixon-1
2002,Curtis Borchardt,borchcu01,curtis-borchardt-1
2002,Ryan Humphrey,humphry01,ryan-humphrey-1
2002,Kareem Rush,rushka01,kareem-rush-1
2002,Qyntel Woods,woodsqy01,
2002,Casey Jacobsen,jacobca01,casey-jacobsen-1
2002,Tayshaun Prince,princta01,tayshaun-prince-1
2002,Nenad Krstić,krstine01,
2002,Frank Williams,willifr02,frank-williams-1
2002,John Salmons,salmojo01,john-salmons-1
2002,Chris Jefferies,jeffech01,chris-jefferies-1
2002,Dan Dickau,dickada01,dan-dickau-1
2002,Roger Mason,masonro01,roger-mason-1
2002,Robert Archibald,archiro01,robert-archibald-1
2002,Vincent Yarbrough,yarbrvi01,vincent-yarbrough-1
2002,Dan Gadzuric,gadzuda01,dan-gadzuric-1
2002,Carlos Boozer,boozeca01,carlos-boozer-1
2002,David Andersen,anderda03,
2002,Tito Maddox,maddoti01,tito-maddox-1
2002,Juan Carlos Navarro,navarju01,
2002,Mario Kasun,kasunma01,
2002,Ronald Murray,murraro01,
2002,Lonny Baxter,baxtelo01,lonny-baxter-1
2002,Matt Barnes,barnema02,matt-barnes-1
2002,Jamal Sampson,sampsja01,jamal-sampson-1
2002,Chris Owens,owensch01,chris-owens-1
2002,Darius Songaila,songada01,darius-songaila-1
2002,Rasual Butler,butlera01,rasual-butler-1
2002,Tamar Slay,slayta01,tamar-slay-1
2002,Luis Scola,scolalu01,
2002,Randy Holcomb,holcora01,randy-holcomb-1
2002,Corsley Edwards,edwarco01,corsley-edwards-1
2003,LeBron James,jamesle01,
2003,Darko Miličić,milicda01,
2003,Carmelo Anthony,anthoca01,carmelo-anthony-1
2003,Chris Bosh,boshch01,chris-bosh-1
2003,Dwyane Wade,wadedw01,dwyane-wade-1
2003,Chris Kaman,kamanch01,chris-kaman-1
2003,Kirk Hinrich,hinriki01,kirk-hinrich-1
2003,T.J. Ford,fordtj01,tj-ford-1
2003,Mike Sweetney,sweetmi01,mike-sweetney-1
2003,Jarvis Hayes,hayesja01,jarvis-hayes-1
2003,Mickaël Piétrus,pietrmi01,
2003,Nick Collison,collini01,nick-collison-1
2003,Marcus Banks,banksma01,marcus-banks-1
2003,Luke Ridnour,ridnolu01,luke-ridnour-1
2003,Reece Gaines,gainere01,reece-gaines-1
2003,Troy Bell,belltr01,troy-bell-1
2003,Žarko Čabarkapa,cabarza01,
2003,David West,westda01,david-west-1
2003,Sasha Pavlović,pavloal01,
2003,Dahntay Jones,jonesda02,dahntay-jones-1
2003,Boris Diaw,diawbo01,
2003,Zoran Planinić,planizo01,
2003,Travis Outlaw,outlatr01,
2003,Brian Cook,cookbr01,brian-cook-1
2003,Carlos Delfino,delfica01,
2003,Ndudi Ebi,ebind01,
2003,Kendrick Perkins,perkike01,
2003,Leandro Barbosa,barbole01,
2003,Josh Howard,howarjo01,josh-howard-1
2003,Maciej Lampe,lampema01,
2003,Jason Kapono,kaponja01,jason-kapono-1
2003,Luke Walton,waltolu01,luke-walton-1
2003,Jerome Beasley,beaslje01,
2003,Sofoklis Schortsanitis,schorso01,
2003,Szymon Szewczyk,szewcsz01,
2003,Mario Austin,austima01,mario-austin-1
2003,Travis Hansen,hansetr01,travis-hansen-1
2003,Steve Blake,blakest01,steve-blake-1
2003,Slavko Vraneš,vranesl01,
2003,Derrick Zimmerman,zimmede01,derrick-zimmerman-1
2003,Willie Green,greenwi01,willie-green-1
2003,Zaza Pachulia,pachuza01,
2003,Keith Bogans,boganke01,keith-bogans-1
2003,Matt Bonner,bonnema01,matt-bonner-1
2003,Sani Bečirovič,becirsa01,
2003,Mo Williams,willima01,mo-williams-1
2003,James Lang,langja01,
2003,James Jones,jonesja02,james-jones-1
2003,Paccelis Morlende,morlepa01,
2003,Kyle Korver,korveky01,kyle-korver-1
2003,Nedžad Sinanović,sinanne01,
2003,Brandon Hunter,huntebr01,brandon-hunter-1
2003,Xue Yuyang,yuyanxu01,
2003,Andreas Glyniadakis,glynian01,
2004,Dwight Howard,howardw01,
2004,Emeka Okafor,okafoem01,emeka-okafor-1
2004,Ben Gordon,gordobe01,ben-gordon-1
2004,Shaun Livingston,livinsh01,
2004,Devin Harris,harride01,devin-harris-1
2004,Josh Childress,childjo01,josh-childress-1
2004,Luol Deng,denglu01,luol-deng-1
2004,Rafael Araújo,araujra01,rafael-araujo-1
2004,Andre Iguodala,iguodan01,andre-iguodala-1
2004,Luke Jackson,jackslu02,luke-jackson-1
2004,Andris Biedriņš,biedran01,
2004,Robert Swift,swiftro01,
2004,Sebastian Telfair,telfase01,
2004,Kris Humphries,humphkr01,kris-humphries-1
2004,Al Jefferson,jeffeal01,
2004,Kirk Snyder,snydeki01,kirk-snyder-1
2004,Josh Smith,smithjo03,
2004,J.R. Smith,smithjr01,
2004,Dorell Wright,wrighdo01,
2004,Jameer Nelson,nelsoja01,jameer-nelson-1
2004,Pavel Podkolzin,podkopa01,
2004,Viktor Khryapa,khryavi01,
2004,Sergei Monia,moniase01,
2004,Delonte West,westde01,delonte-west-1
2004,Tony Allen,allento01,tony-allen-1
2004,Kevin Martin,martike02,kevin-martin-1
2004,Sasha Vujačić,vujacsa01,
2004,Beno Udrih,udrihbe01,
2004,David Harrison,harrida01,david-harrison-1
2004,Anderson Varejão,varejan01,
2004,Jackson Vroman,vromaja01,jackson-vroman-1
2004,Peter John Ramos,ramospe01,
2004,Lionel Chalmers,chalmli01,lionel-chalmers-1
2004,Donta Smith,smithdo04,
2004,Andre Emmett,emmetan01,andre-emmett-1
2004,Antonio Burks,burksan01,antonio-burks-1
2004,Royal Ivey,iveyro01,royal-ivey-1
2004,Chris Duhon,duhonch01,chris-duhon-1
2004,Albert Miralles,miralal01,
2004,Justin Reed,reedju01,justin-reed-1
2004,Viktor Sanikidze,sanikvi01,
2004,Trevor Ariza,arizatr01,trevor-ariza-1
2004,Bernard Robinson,robinbe01,bernard-robinson-1
2004,Ha Seung-Jin,seungha01,
2004,Pape Sow,sowpa01,pape-sow-1
2004,Sergei Lishouk,lishcse01,
2004,Vassilis Spanoulis,spanova01,
2004,Matt Freije,freijma01,matt-freije-1
2004,Luis Flores,florelu01,luis-flores-1
2004,Sergei Karaulov,karause01,
2005,Andrew Bogut,bogutan01,andrew-bogut-1
2005,Marvin Williams,willima02,marvin-williams-1
2005,Deron Williams,willide01,deron-williams-1
2005,Chris Paul,paulch01,chris-paul-1
2005,Raymond Felton,feltora01,raymond-felton-1
2005,Martell Webster,webstma02,
2005,Charlie Villanueva,villach01,charlie-villanueva-1
2005,Channing Frye,fryech01,channing-frye-1
2005,Ike Diogu,dioguik01,ike-diogu-1
2005,Andrew Bynum,bynuman01,
2005,Fran Vázquez,vazqufr01,
2005,Yaroslav Korolev,korolya01,
2005,Sean May,mayse01,sean-may-1
2005,Rashad McCants,mccanra01,rashad-mccants-1
2005,Antoine Wright,wrighan01,antoine-wright-1
2005,Joey Graham,grahajo01,joey-graham-1
2005,Danny Granger,grangda01,danny-granger-1
2005,Gerald Green,greenge01,
2005,Hakim Warrick,warriha01,hakim-warrick-1
2005,Julius Hodge,hodgeju01,julius-hodge-1
2005,Nate Robinson,robinna01,nate-robinson-1
2005,Jarrett Jack,jackja01,jarrett-jack-1
2005,Francisco García,garcifr01,francisco-garcia-1
2005,Luther Head,headlu01,luther-head-1
2005,Johan Petro,petrojo01,
2005,Jason Maxiell,maxieja01,jason-maxiell-1
2005,Linas Kleiza,kleizli01,linas-kleiza-1
2005,Ian Mahinmi,mahinia01,
2005,Wayne Simien,simiewa01,wayne-simien-1
2005,David Lee,leeda02,david-lee-1
2005,Salim Stoudamire,stoudsa01,salim-stoudamire-1
2005,Daniel Ewing,ewingda01,daniel-ewing-1
2005,Brandon Bass,bassbr01,brandon-bass-1
2005,C.J. Miles,milescj01,
2005,Ersan İlyasova,ilyaser01,
2005,Ronny Turiaf,turiaro01,ronny-turiaf-1
2005,Travis Diener,dienetr01,travis-diener-1
2005,Von Wafer,wafervo01,von-wafer-1
2005,Monta Ellis,ellismo01,
2005,Roko Ukić,ukicro01,
2005,Chris Taft,taftch01,chris-taft-1
2005,Mile Ilić,ilicmi01,
2005,Martynas Andriuškevičius,andrima01,
2005,Lou Williams,willilo02,
2005,Erazem Lorbek,lorbeer01,erazem-lorbek-1
2005,Bracey Wright,wrighbr02,bracey-wright-1
2005,Mickaël Gelabale,gelabmi01,
2005,Andray Blatche,blatcan01,
2005,Ryan Gomes,gomesry01,ryan-gomes-1
2005,Robert Whaley,whalero01,robert-whaley-1
2005,Axel Hervelle,herveax01,
2005,Orien Greene,greenor01,orien-greene-1
2005,Dijon Thompson,thompdi01,dijon-thompson-1
2005,Lawrence Roberts,roberla01,lawrence-roberts-1
2005,Amir Johnson,johnsam01,
2005,Marcin Gortat,gortama01,
2005,Uroš Slokar,slokaur01,
2005,Cenk Akyol,akyolce01,
2005,Alex Acker,ackeral01,alex-acker-1
2006,Andrea Bargnani,bargnan01,
2006,LaMarcus Aldridge,aldrila01,lamarcus-aldridge-1
2006,Adam Morrison,morriad01,adam-morrison-1
2006,Tyrus Thomas,thomaty01,tyrus-thomas-1
2006,Shelden Williams,willish02,shelden-williams-1
2006,Brandon Roy,roybr01,brandon-roy-1
2006,Randy Foye,foyera01,randy-foye-1
2006,Rudy Gay,gayru01,rudy-gay-1
2006,Patrick O'Bryant,obryapa01,patrick-obryant-1
2006,Mouhamed Sene,senesa01,
2006,J.J. Redick,redicjj01,jj-redick-1
2006,Hilton Armstrong,armsthi01,hilton-armstrong-1
2006,Thabo Sefolosha,sefolth01,
2006,Ronnie Brewer,brewero02,ronnie-brewer-1
2006,Cedric Simmons,simmoce01,cedric-simmons-1
2006,Rodney Carney,carnero01,rodney-carney-1
2006,Shawne Williams,willish03,shawne-williams-1
2006,Oleksiy Pecherov,pecheol01,
2006,Quincy Douby,doubyqu01,quincy-douby-1
2006,Renaldo Balkman,balkmre01,renaldo-balkman-1
2006,Rajon Rondo,rondora01,rajon-rondo-1
2006,Marcus Williams,willima03,marcus-williams-1
2006,Josh Boone,boonejo01,josh-boone-1
2006,Kyle Lowry,lowryky01,kyle-lowry-1
2006,Shannon Brown,brownsh01,shannon-brown-1
2006,Jordan Farmar,farmajo01,jordan-farmar-1
2006,Sergio Rodríguez,rodrise01,
2006,Maurice Ager,agerma01,maurice-ager-1
2006,Mardy Collins,collima01,mardy-collins-1
2006,Joel Freeland,freeljo01,
2006,James White,whiteja02,james-white-1
2006,Steve Novak,novakst01,steve-novak-1
2006,Solomon Jones,jonesso01,solomon-jones-1
2006,Paul Davis,davispa01,paul-davis-1
2006,P.J. Tucker,tuckepj01,pj-tucker-1
2006,Craig Smith,smithcr01,craig-smith-1
2006,Bobby Jones,jonesbo02,bobby-jones-2
2006,Kosta Perović,perovko01,
2006,David Noel,noelda01,david-noel-1
2006,James Augustine,augusja01,james-augustine-1
2006,Daniel Gibson,gibsoda01,daniel-gibson-1
2006,Marcus Vinicius,vincima01,
2006,Lior Eliyahu,eliyali01,
2006,Alexander Johnson,johnsal01,alexander-johnson-1
2006,Dee Brown,brownde03,dee-brown-2
2006,Paul Millsap,millspa01,paul-millsap-1
2006,Vladimir Veremeenko,veremvl01,
2006,Leon Powe,powele01,leon-powe-1
2006,Ryan Hollins,holliry01,ryan-hollins-1
2006,Cheikh Samb,sambch01,
2006,Guillermo Díaz,diazgu01,guillermo-diaz-1
2006,Yotam Halperin,halpeyo01,
2006,Hassan Adams,adamsha01,hassan-adams-1
2006,Ejike Ugboaja,ugboaej01,
2006,Edin Bavčić,bavcied01,
2006,Damir Markota,markoda01,
2006,Will Blalock,blalowi01,will-blalock-1
2007,Greg Oden,odengr01,greg-oden-1
2007,Kevin Durant,duranke01,kevin-durant-1
2007,Al Horford,horfoal01,al-horford-1
2007,Mike Conley,conlemi01,mike-conley-1
2007,Jeff Green,greenje02,jeff-green-1
2007,Yi Jianlian,jianlyi01,
2007,Corey Brewer,breweco01,corey-brewer-1
2007,Brandan Wright,wrighbr03,brandan-wright-1
2007,Joakim Noah,noahjo01,joakim-noah-1
2007,Spencer Hawes,hawessp01,spencer-hawes-1
2007,Acie Law,lawac01,acie-law-1
2007,Thaddeus Young,youngth01,thaddeus-young-1
2007,Julian Wright,wrighju01,julian-wright-1
2007,Al Thornton,thornal01,al-thornton-1
2007,Rodney Stuckey,stuckro01,rodney-stuckey-1
2007,Nick Young,youngni01,nick-young-1
2007,Sean Williams,willise01,sean-williams-1
2007,Marco Belinelli,belinma01,
2007,Javaris Crittenton,crittja01,javaris-crittenton-1
2007,Jason Smith,smithja02,jason-smith-1
2007,Daequan Cook,cookda02,daequan-cook-1
2007,Jared Dudley,dudleja01,jared-dudley-1
2007,Wilson Chandler,chandwi01,wilson-chandler-1
2007,Rudy Fernández,fernaru01,rudy-fernandez-1
2007,Morris Almond,almonmo01,morris-almond-1
2007,Aaron Brooks,brookaa01,aaron-brooks-1
2007,Arron Afflalo,afflaar01,arron-afflalo-1
2007,Tiago Splitter,splitti01,
2007,Alando Tucker,tuckeal02,alando-tucker-1
2007,Petteri Koponen,koponpe01,
2007,Carl Landry,landrca01,carl-landry-1
2007,Gabe Pruitt,pruitga01,gabe-pruitt-1
2007,Marcus Williams,willima04,marcus-williams-2
2007,Nick Fazekas,fazekni01,nick-fazekas-1
2007,Glen Davis,davisgl01,glen-davis-1
2007,Jermareo Davidson,davidje01,jermareo-davidson-1
2007,Josh McRoberts,mcrobjo01,josh-mcroberts-1
2007,Kyrylo Fesenko,fesenky01,
2007,Stanko Barać,baracst01,
2007,Sun Yue,yuesu01,
2007,Chris Richard,richach01,chris-richard-1
2007,Derrick Byars,byarsde01,derrick-byars-1
2007,Stéphane Lasme,lasmest01,stephane-lasme-1
2007,Dominic McGuire,mcguido01,dominic-mcguire-1
2007,Marc Gasol,gasolma01,
2007,Aaron Gray,grayaa01,aaron-gray-1
2007,Renaldas Seibutis,seibure01,
2007,JamesOn Curry,curryja01,jameson-curry-1
2007,Taurean Green,greenta01,taurean-green-1
2007,Demetris Nichols,nichode01,demetris-nichols-1
2007,Brad Newley,newlebr01,
2007,Ramon Sessions,sessira01,ramon-sessions-1
2007,Georgios Printezis,printgi01,
2007,D.J. Strawberry,strawdj01,dj-strawberry-1
2007,Milovan Raković,rakovmi01,
2008,Derrick Rose,rosede01,derrick-rose-1
2008,Michael Beasley,beaslmi01,michael-beasley-1
2008,O.J. Mayo,mayooj01,oj-mayo-1
2008,Russell Westbrook,westbru01,russell-westbrook-1
2008,Kevin Love,loveke01,kevin-love-1
2008,Danilo Gallinari,gallida01,
2008,Eric Gordon,gordoer01,eric-gordon-1
2008,Joe Alexander,alexajo01,joe-alexander-1
2008,D.J. Augustin,augusdj01,dj-augustin-1
2008,Brook Lopez,lopezbr01,brook-lopez-1
2008,Jerryd Bayless,bayleje01,jerryd-bayless-1
2008,Jason Thompson,thompja02,jason-thompson-1
2008,Brandon Rush,rushbr01,brandon-rush-1
2008,Anthony Randolph,randoan01,anthony-randolph-1
2008,Robin Lopez,lopezro01,robin-lopez-1
2008,Marreese Speights,speigma01,marreese-speights-1
2008,Roy Hibbert,hibbero01,roy-hibbert-1
2008,JaVale McGee,mcgeeja01,javale-mcgee-1
2008,J.J. Hickson,hicksjj01,jj-hickson-1
2008,Alexis Ajinça,ajincal01,
2008,Ryan Anderson,anderry01,ryan-anderson-1
2008,Courtney Lee,leeco01,courtney-lee-1
2008,Kosta Koufos,koufoko01,kosta-koufos-1
2008,Serge Ibaka,ibakase01,
2008,Nicolas Batum,batumni01,
2008,George Hill,hillge01,george-hill-1
2008,Darrell Arthur,arthuda01,darrell-arthur-1
2008,Donté Greene,greendo01,donte-greene-1
2008,D.J. White,whitedj01,dj-white-1
2008,J.R. Giddens,giddejr01,jr-giddens-1
2008,Nikola Peković,pekovni01,
2008,Walter Sharpe,sharpwa01,walter-sharpe-1
2008,Joey Dorsey,dorsejo01,joey-dorsey-1
2008,Mario Chalmers,chalmma01,mario-chalmers-1
2008,DeAndre Jordan,jordade01,deandre-jordan-1
2008,Ömer Aşık,asikom01,
2008,Luc Mbah a Moute,mbahalu01,luc-richard-mbah-a-moute-1
2008,Kyle Weaver,weaveky01,kyle-weaver-1
2008,Sonny Weems,weemsso01,sonny-weems-1
2008,Chris Douglas-Roberts,douglch01,chris-douglas-roberts-1
2008,Nathan Jawai,jawaina01,
2008,Sean Singletary,singlse01,sean-singletary-1
2008,Patrick Ewing,ewingpa02,pat-ewing-1
2008,Ante Tomić,tomican01,
2008,Goran Dragić,dragigo01,
2008,Henry Walker,walkebi01,bill-walker-1
2008,Malik Hairston,hairsma01,malik-hairston-1
2008,DeVon Hardin,hardide01,devon-hardin-1
2008,Darnell Jackson,jacksda01,darnell-jackson-1
2008,Tadija Dragićević,dragita01,
2008,Maarty Leunen,leunema01,maarty-leunen-1
2008,Mike Taylor,taylomi01,mike-taylor-1
2008,Sasha Kaun,kaunsa01,sasha-kaun-1
2008,Joe Crawford,crawfjo01,joe-crawford-1
2008,Semih Erden,erdense01,
2009,Blake Griffin,griffbl01,blake-griffin-1
2009,Hasheem Thabeet,thabeha01,hasheem-thabeet-1
2009,James Harden,hardeja01,james-harden-1
2009,Tyreke Evans,evansty01,tyreke-evans-1
2009,Ricky Rubio,rubiori01,
2009,Jonny Flynn,flynnjo01,jonny-flynn-1
2009,Stephen Curry,curryst01,stephen-curry-1
2009,Jordan Hill,hilljo01,jordan-hill-1
2009,DeMar DeRozan,derozde01,demar-derozan-1
2009,Brandon Jennings,jennibr01,
2009,Terrence Williams,willite01,terrence-williams-1
2009,Gerald Henderson,hendege02,gerald-henderson-2
2009,Tyler Hansbrough,hansbty01,tyler-hansbrough-1
2009,Earl Clark,clarkea01,earl-clark-1
2009,Austin Daye,dayeau01,austin-daye-1
2009,James Johnson,johnsja01,james-johnson-2
2009,Jrue Holiday,holidjr01,jrue-holiday-1
2009,Ty Lawson,lawsoty01,ty-lawson-1
2009,Jeff Teague,teaguje01,jeff-teague-1
2009,Eric Maynor,maynoer01,eric-maynor-1
2009,Darren Collison,collida01,darren-collison-1
2009,Victor Claver,clavevi01,
2009,Omri Casspi,casspom01,
2009,Byron Mullens,mulleby01,bj-mullens-1
2009,Rodrigue Beaubois,beaubro01,
2009,Taj Gibson,gibsota01,taj-gibson-1
2009,DeMarre Carroll,carrode01,demarre-carroll-1
2009,Wayne Ellington,ellinwa01,wayne-ellington-1
2009,Toney Douglas,douglto01,toney-douglas-1
2009,Christian Eyenga,eyengch01,
2009,Jeff Ayres,pendeje02,jeff-pendergraph-1
2009,Jermaine Taylor,tayloje02,jermaine-taylor-1
2009,Dante Cunningham,cunnida01,dante-cunningham-1
2009,Sergio Llull,llullse01,
2009,DaJuan Summers,summeda01,dajuan-summers-1
2009,Sam Young,youngsa01,sam-young-1
2009,DeJuan Blair,blairde01,dejuan-blair-1
2009,Jon Brockman,brockjo01,jon-brockman-1
2009,Jonas Jerebko,jerebjo01,
2009,Derrick Brown,brownde04,derrick-brown-1
2009,Jodie Meeks,meeksjo01,jodie-meeks-1
2009,Patrick Beverley,beverpa01,patrick-beverley-1
2009,Marcus Thornton,thornma01,marcus-thornton-1
2009,Chase Budinger,budinch01,chase-budinger-1
2009,Nick Calathes,calatni01,nick-calathes-1
2009,Danny Green,greenda02,danny-green-1
2009,Henk Norel,norelhe01,
2009,Taylor Griffin,griffta01,taylor-griffin-1
2009,Sergiy Gladyr,gladyse01,
2009,A.J. Price,priceaj01,aj-price-1
2009,Nando De Colo,decolna01,
2009,Patty Mills,millspa02,patrick-mills-1
2009,Emir Preldžić,preldem01,
2009,Lester Hudson,hudsole01,lester-hudson-1
2009,Chinemelu Elonu,elonuch01,chinemelu-elonu-1
2010,John Wall,walljo01,john-wall-1
2010,Evan Turner,turneev01,evan-turner-1
2010,Derrick Favors,favorde01,derrick-favors-1
2010,Wesley Johnson,johnswe01,wes-johnson-1
2010,DeMarcus Cousins,couside01,demarcus-cousins-1
2010,Ekpe Udoh,udohek01,ekpe-udoh-1
2010,Greg Monroe,monrogr01,greg-monroe-1
2010,Al-Farouq Aminu,aminual01,al-farouq-aminu-1
2010,Gordon Hayward,haywago01,gordon-hayward-1
2010,Paul George,georgpa01,paul-george-1
2010,Cole Aldrich,aldrico01,cole-aldrich-1
2010,Xavier Henry,henryxa01,xavier-henry-1
2010,Ed Davis,davised01,ed-davis-1
2010,Patrick Patterson,pattepa01,patrick-patterson-1
2010,Larry Sanders,sandela01,larry-sanders-1
2010,Luke Babbitt,babbilu01,luke-babbitt-1
2010,Kevin Séraphin,serapke01,
2010,Eric Bledsoe,bledser01,eric-bledsoe-1
2010,Avery Bradley,bradlav01,avery-bradley-1
2010,James Anderson,anderja01,james-anderson-3
2010,Craig Brackins,brackcr01,craig-brackins-1
2010,Elliot Williams,williel01,elliot-williams-1
2010,Trevor Booker,booketr01,trevor-booker-1
2010,Damion James,jamesda01,damion-james-1
2010,Dominique Jones,jonesdo02,dominique-jones-1
2010,Quincy Pondexter,pondequ01,quincy-pondexter-1
2010,Jordan Crawford,crawfjo02,jordan-crawford-1
2010,Greivis Vásquez,vasqugr01,greivis-vasquez-1
2010,Daniel Orton,ortonda01,daniel-orton-1
2010,Lazar Hayward,haywala01,lazar-hayward-1
2010,Tibor Pleiß,pleisti01,
2010,Dexter Pittman,pittmde01,dexter-pittman-1
2010,Hassan Whiteside,whiteha01,hassan-whiteside-1
2010,Armon Johnson,johnsar02,armon-johnson-1
2010,Nemanja Bjelica,bjeline01,
2010,Darington Hobson,hobsoda01,darington-hobson-1
2010,Andy Rautins,rautian01,andy-rautins-1
2010,Landry Fields,fieldla01,landry-fields-1
2010,Lance Stephenson,stephla01,lance-stephenson-1
2010,Jarvis Varnado,varnaja01,jarvis-varnado-1
2010,Devin Ebanks,ebankde01,devin-ebanks-1
2010,Jerome Jordan,jordaje01,jerome-jordan-1
2010,Paulo Prestes,prestpa01,
2010,Gani Lawal,lawalga01,gani-lawal-1
2010,Latavious Williams,willila01,
2010,Ryan Richards,richary01,
2010,Solomon Alabi,alabiso01,solomon-alabi-1
2010,Luke Harangody,haranlu01,luke-harangody-1
2010,Pape Sy,sypa01,
2010,Willie Warren,warrewi01,willie-warren-1
2010,Jeremy Evans,evansje01,jeremy-evans-1
2010,Hamady N'Diaye,ndiayha01,hamady-ndiaye-1
2010,Ryan Reid,reidry01,ryan-reid-1
2010,Derrick Caracter,caracde01,derrick-caracter-1
2010,Dwayne Collins,collidw01,dwayne-collins-1
2011,Kyrie Irving,irvinky01,kyrie-irving-1
2011,Derrick Williams,willide02,derrick-williams-2
2011,Enes Kanter,kanteen01,
2011,Tristan Thompson,thomptr01,tristan-thompson-2
2011,Jonas Valančiūnas,valanjo01,
2011,Jan Veselý,veselja01,
2011,Bismack Biyombo,biyombi01,
2011,Brandon Knight,knighbr03,brandon-knight-1
2011,Kemba Walker,walkeke02,kemba-walker-1
2011,Jimmer Fredette,fredeji01,jimmer-fredette-1
2011,Klay Thompson,thompkl01,klay-thompson-1
2011,Alec Burks,burksal01,alec-burks-1
2011,Markieff Morris,morrima02,markieff-morris-1
2011,Marcus Morris,morrima03,marcus-morris-1
2011,Kawhi Leonard,leonaka01,kawhi-leonard-1
2011,Nikola Vučević,vucevni01,nikola-vucevic-1
2011,Iman Shumpert,shumpim01,iman-shumpert-1
2011,Chris Singleton,singlch01,chris-singleton-1
2011,Tobias Harris,harrito02,tobias-harris-1
2011,Donatas Motiejūnas,motiedo01,
2011,Nolan Smith,smithno01,nolan-smith-1
2011,Kenneth Faried,farieke01,kenneth-faried-1
2011,Nikola Mirotić,mirotni01,
2011,Reggie Jackson,jacksre01,reggie-jackson-1
2011,MarShon Brooks,brookma01,marshon-brooks-1
2011,Jordan Hamilton,hamiljo02,jordan-hamilton-2
2011,JaJuan Johnson,johnsja02,jajuan-johnson-1
2011,Norris Cole,coleno01,norris-cole-1
2011,Cory Joseph,josepco01,cory-joseph-1
2011,Jimmy Butler,butleji01,jimmy-butler-1
2011,Bojan Bogdanović,bogdabo02,
2011,Justin Harper,harpeju01,justin-harper-1
2011,Kyle Singler,singlky01,kyle-singler-1
2011,Shelvin Mack,macksh01,shelvin-mack-1
2011,Tyler Honeycutt,honeyty01,tyler-honeycutt-1
2011,Jordan Williams,willijo03,jordan-williams-1
2011,Trey Thompkins,thomptr02,trey-thompkins-1
2011,Chandler Parsons,parsoch01,chandler-parsons-1
2011,Jeremy Tyler,tylerje01,
2011,Jon Leuer,leuerjo01,jon-leuer-1
2011,Darius Morris,morrida01,darius-morris-1
2011,Dāvis Bertāns,bertada01,
2011,Malcolm Lee,leema01,malcolm-lee-1
2011,Charles Jenkins,jenkich01,charles-jenkins-1
2011,Josh Harrellson,harrejo01,josh-harrellson-1
2011,Andrew Goudelock,goudean01,andrew-goudelock-1
2011,Travis Leslie,leslitr01,travis-leslie-1
2011,Keith Benson,bensoke02,keith-benson-1
2011,Josh Selby,selbyjo01,josh-selby-1
2011,Lavoy Allen,allenla01,lavoy-allen-1
2011,Jon Diebler,diebljo01,jon-diebler-1
2011,Vernon Macklin,macklve01,vernon-macklin-1
2011,DeAndre Liggins,liggide01,deandre-liggins-1
2011,Milan Mačvan,macvami01,
2011,E'Twaun Moore,mooreet01,etwaun-moore-1
2011,Chukwudiebere Maduabum,maduach01,
2011,Ater Majok,majokat01,ater-majok-1
2011,Ádám Hanga,hangaad01,
2011,Isaiah Thomas,thomais02,isaiah-thomas-1
2012,Anthony Davis,davisan02,anthony-davis-5
2012,Michael Kidd-Gilchrist,kiddgmi01,michael-kidd-gilchrist-1
2012,Bradley Beal,bealbr01,bradley-beal-1
2012,Dion Waiters,waitedi01,dion-waiters-1
2012,Thomas Robinson,robinth01,thomas-robinson-2
2012,Damian Lillard,lillada01,damian-lillard-1
2012,Harrison Barnes,barneha02,harrison-barnes-1
2012,Terrence Ross,rosste01,terrence-ross-1
2012,Andre Drummond,drumman01,andre-drummond-1
2012,Austin Rivers,riverau01,austin-rivers-1
2012,Meyers Leonard,leoname01,meyers-leonard-1
2012,Jeremy Lamb,lambje01,jeremy-lamb-1
2012,Kendall Marshall,marshke01,kendall-marshall-1
2012,John Henson,hensojo01,john-henson-1
2012,Maurice Harkless,harklma01,maurice-harkless-1
2012,Royce White,whitero03,royce-white-1
2012,Tyler Zeller,zellety01,tyler-zeller-1
2012,Terrence Jones,joneste01,terrence-jones-1
2012,Andrew Nicholson,nichoan01,andrew-nicholson-1
2012,Evan Fournier,fournev01,
2012,Jared Sullinger,sullija01,jared-sullinger-1
2012,Fab Melo,melofa01,fab-melo-1
2012,John Jenkins,jenkijo01,john-jenkins-1
2012,Jared Cunningham,cunnija01,jared-cunningham-2
2012,Tony Wroten,wroteto01,tony-wroten-1
2012,Miles Plumlee,plumlmi01,miles-plumlee-1
2012,Arnett Moultrie,moultar01,arnett-moultrie-1
2012,Perry Jones,jonespe01,perry-jones-1
2012,Marquis Teague,teaguma01,marquis-teague-1
2012,Festus Ezeli,ezelife01,festus-ezeli-1
2012,Jeffery Taylor,tayloje03,jeffery-taylor-1
2012,Tomáš Satoranský,satorto01,
2012,Bernard James,jamesbe01,bernard-james--1
2012,Jae Crowder,crowdja01,jae-crowder-1
2012,Draymond Green,greendr01,draymond-green-1
2012,Orlando Johnson,johnsor01,orlando-johnson-1
2012,Quincy Acy,acyqu01,quincy-acy-1
2012,Quincy Miller,millequ01,quincy-miller-1
2012,Khris Middleton,middlkh01,khris-middleton-1
2012,Will Barton,bartowi01,will-barton-1
2012,Tyshawn Taylor,tayloty01,tyshawn-taylor-1
2012,Doron Lamb,lambdo01,doron-lamb-1
2012,Mike Scott,scottmi01,mike-scott-4
2012,Kim English,engliki01,kim-english-1
2012,Justin Hamilton,hamilju01,justin-hamilton-2
2012,Darius Miller,milleda01,darius-miller-1
2012,Kevin Murphy,murphke01,kevin-murphy-1
2012,Kostas Papanikolaou,papanko01,
2012,Kyle O'Quinn,oquinky01,kyle-oquinn-1
2012,İzzet Türkyılmaz,turkyiz01,
2012,Kris Joseph,josepkr01,kris-joseph-1
2012,Ognjen Kuzmić,kuzmiog01,
2012,Furkan Aldemir,aldemfu01,
2012,Tornike Shengelia,shengto01,
2012,Darius Johnson-Odom,johnsda03,darius-johnson-odom-1
2012,Tomislav Zubčić,zubcito01,
2012,İlkan Karaman,karamil01,
2012,Robbie Hummel,hummero01,robbie-hummel-1
2012,Marcus Denmon,denmoma01,marcus-denmon-1
2012,Robert Sacre,sacrero01,robert-sacre-1
2013,Anthony Bennett,bennean01,anthony-bennett-1
2013,Victor Oladipo,oladivi01,victor-oladipo-1
2013,Otto Porter,porteot01,otto-porter-1
2013,Cody Zeller,zelleco01,cody-zeller-1
2013,Alex Len,lenal01,alex-len-1
2013,Nerlens Noel,noelne01,nerlens-noel-1
2013,Ben McLemore,mclembe01,ben-mclemore-1
2013,Kentavious Caldwell-Pope,caldwke01,kentavious-caldwell-pope-1
2013,Trey Burke,burketr01,trey-burke-1
2013,CJ McCollum,mccolcj01,cj-mccollum-1
2013,Michael Carter-Williams,cartemi01,michael-carter-williams-1
2013,Steven Adams,adamsst01,steven-adams-1
2013,Kelly Olynyk,olynyke01,kelly-olynyk-1
2013,Shabazz Muhammad,muhamsh01,shabazz-muhammad-1
2013,Giannis Antetokounmpo,antetgi01,
2013,Lucas Nogueira,noguelu01,
2013,Dennis Schröder,schrode01,
2013,Shane Larkin,larkish01,shane-larkin-1
2013,Sergey Karasev,karasse01,
2013,Tony Snell,snellto01,tony-snell-1
2013,Gorgui Dieng,dienggo01,gorgui-dieng-1
2013,Mason Plumlee,plumlma01,mason-plumlee-1
2013,Solomon Hill,hillso01,solomon-hill-1
2013,Tim Hardaway,hardati02,tim-hardaway-jr-1
2013,Reggie Bullock,bullore01,reggie-bullock-2
2013,Andre Roberson,roberan03,andre-roberson-1
2013,Rudy Gobert,goberru01,
2013,Livio Jean-Charles,jeancli01,
2013,Archie Goodwin,goodwar01,archie-goodwin-1
2013,Nemanja Nedović,nedovne01,
2013,Allen Crabbe,crabbal01,allen-crabbe-1
2013,Álex Abrines,abrinal01,
2013,Carrick Felix,felixca01,carrick-felix-1
2013,Isaiah Canaan,canaais01,isaiah-canaan-1
2013,Glen Rice,ricegl02,glen-rice-jr-1
2013,Ray McCallum,mccalra01,ray-mccallum-2
2013,Tony Mitchell,mitchto02,tony-mitchell-4
2013,Nate Wolters,woltena01,nate-wolters-1
2013,Jeff Withey,witheje01,jeff-withey-1
2013,Grant Jerrett,jerregr01,grant-jerrett-1
2013,Jamaal Franklin,frankja01,jamaal-franklin-1
2013,Pierre Jackson,jackspi01,pierre-jackson-1
2013,Ricky Ledo,ledori01,
2013,Mike Muscala,muscami01,mike-muscala-1
2013,Marko Todorović,todorma01,
2013,Erick Green,greener01,erick-green-1
2013,Raul Neto,netora01,
2013,Ryan Kelly,kellyry01,ryan-kelly-3
2013,Erik Murphy,murpher01,erik-murphy-1
2013,James Ennis,ennisja01,james-ennis-1
2013,Lorenzo Brown,brownlo01,lorenzo-brown-1
2013,Colton Iverson,iversco01,colton-iverson-1
2013,Arsalan Kazemi,kazemar01,arsalan-kazemi-1
2013,Joffrey Lauvergne,lauvejo01,
2013,Peyton Siva,sivape01,peyton-siva-1
2013,Alex Oriakhi,oriakal01,alex-oriakhi-1
2013,Deshaun Thomas,thomade01,deshaun-thomas-1
2013,Bojan Dubljević,dubljbo01,
2013,Jānis Timma,timmaja01,
2014,Andrew Wiggins,wiggian01,andrew-wiggins-1
2014,Jabari Parker,parkeja01,jabari-parker-1
2014,Joel Embiid,embiijo01,joel-embiid-1
2014,Aaron Gordon,gordoaa01,aaron-gordon-1
2014,Dante Exum,exumda01,
2014,Marcus Smart,smartma01,marcus-smart-1
2014,Julius Randle,randlju01,julius-randle-1
2014,Nik Stauskas,stausni01,nik-stauskas-1
2014,Noah Vonleh,vonleno01,noah-vonleh-1
2014,Elfrid Payton,paytoel01,elfrid-payton-1
2014,Doug McDermott,mcderdo01,doug-mcdermott-1
2014,Dario Šarić,saricda01,
2014,Zach LaVine,lavinza01,zach-lavine-1
2014,T.J. Warren,warretj01,tj-warren-1
2014,Adreian Payne,paynead01,adreian-payne-1
2014,Jusuf Nurkić,nurkiju01,
2014,James Young,youngja01,james-young-1
2014,Tyler Ennis,ennisty01,tyler-ennis-1
2014,Gary Harris,harriga01,gary-harris-1
2014,Bruno Caboclo,cabocbr01,
2014,Mitch McGary,mcgarmi01,mitch-mcgary-1
2014,Jordan Adams,adamsjo01,jordan-adams-1
2014,Rodney Hood,hoodro01,rodney-hood-1
2014,Shabazz Napier,napiesh01,shabazz-napier-1
2014,Clint Capela,capelca01,
2014,P.J. Hairston,hairspj02,pj-hairston-1
2014,Bogdan Bogdanović,bogdabo01,
2014,C.J. Wilcox,wilcocj01,cj-wilcox-1
2014,Josh Huestis,huestjo01,josh-huestis-1
2014,Kyle Anderson,anderky01,kyle-anderson-3
2014,Damien Inglis,inglida01,
2014,K.J. McDaniels,mcdankj01,kj-mcdaniels-1
2014,Joe Harris,harrijo01,joe-harris--1
2014,Cleanthony Early,earlycl01,cleanthony-early-1
2014,Jarnell Stokes,stokeja01,jarnell-stokes-1
2014,Johnny O'Bryant,obryajo01,johnny-obryant-1
2014,DeAndre Daniels,daniede01,deandre-daniels-1
2014,Spencer Dinwiddie,dinwisp01,spencer-dinwiddie-1
2014,Jerami Grant,grantje01,jerami-grant-1
2014,Glenn Robinson,robingl02,glenn-robinson-2
2014,Nikola Jokić,jokicni01,
2014,Nick Johnson,johnsni01,nick-johnson-1
2014,Edy Tavares,tavarwa01,
2014,Markel Brown,brownma02,markel-brown-1
2014,Dwight Powell,poweldw01,dwight-powell-1
2014,Jordan Clarkson,clarkjo01,jordan-clarkson-1
2014,Russ Smith,smithru01,russ-smith-1
2014,Lamar Patterson,pattela01,lamar-patterson-1
2014,Cameron Bairstow,bairsca01,cameron-bairstow-1
2014,Alec Brown,brownal01,alec-brown-1
2014,Thanasis Antetokounmpo,antetth01,
2014,Vasilije Micić,micicva01,
2014,Alessandro Gentile,gential01,
2014,Nemanja Dangubić,dangune01,
2014,Semaj Christon,chrisse01,semaj-christon-1
2014,Devyn Marble,marblde01,roy-devyn-marble-1
2014,Louis Labeyrie,labeylo01,
2014,Jordan McRae,mcraejo01,jordan-mcrae-1
2014,Xavier Thames,thamexa01,xavier-thames-1
2014,Cory Jefferson,jeffeco01,cory-jefferson-1
2015,Karl-Anthony Towns,townska01,karl-anthony-towns-1
2015,D'Angelo Russell,russeda01,dangelo-russell-1
2015,Jahlil Okafor,okafoja01,jahlil-okafor-1
2015,Kristaps Porziņģis,porzikr01,
2015,Mario Hezonja,hezonma01,
2015,Willie Cauley-Stein,caulewi01,willie-cauley-stein-1
2015,Emmanuel Mudiay,mudiaem01,
2015,Stanley Johnson,johnsst04,stanley-johnson-1
2015,Frank Kaminsky,kaminfr01,frank-kaminsky-1
2015,Justise Winslow,winslju01,justise-winslow-1
2015,Myles Turner,turnemy01,myles-turner-1
2015,Trey Lyles,lylestr01,trey-lyles-1
2015,Devin Booker,bookede01,devin-booker-2
2015,Cameron Payne,payneca01,cameron-payne-1
2015,Kelly Oubre,oubreke01,kelly-oubre-1
2015,Terry Rozier,roziete01,terry-rozier-1
2015,Rashad Vaughn,vaughra01,rashad-vaughn-1
2015,Sam Dekker,dekkesa01,sam-dekker-1
2015,Jerian Grant,grantje02,jerian-grant-1
2015,Delon Wright,wrighde01,delon-wright-1
2015,Justin Anderson,anderju01,justin-anderson-1
2015,Bobby Portis,portibo01,bobby-portis-1
2015,Rondae Hollis-Jefferson,holliro01,rondae-hollis-jefferson-1
2015,Tyus Jones,jonesty01,tyus-jones-1
2015,Jarell Martin,martija01,jarell-martin-1
2015,Nikola Milutinov,milutni01,
2015,Larry Nance,nancela02,larry-nance-2
2015,R.J. Hunter,hunterj01,rj-hunter-1
2015,Chris McCullough,mcculch01,chris-mccullough-1
2015,Kevon Looney,looneke01,kevon-looney-1
2015,Cedi Osman,osmande01,
2015,Montrezl Harrell,harremo01,montrezl-harrell-1
2015,Jordan Mickey,mickejo01,jordan-mickey-1
2015,Anthony Brown,brownan02,anthony-brown-5
2015,Willy Hernangómez,hernawi01,
2015,Rakeem Christmas,chrisra01,rakeem-christmas-1
2015,Richaun Holmes,holmeri01,richaun-holmes-1
2015,Darrun Hilliard,hillida01,darrun-hilliard-1
2015,Juan Pablo Vaulet,vauleju01,
2015,Josh Richardson,richajo01,josh-richardson-2
2015,Pat Connaughton,connapa01,pat-connaughton-1
2015,Olivier Hanlan,hanlaol01,olivier-hanlan-1
2015,Joe Young,youngjo01,joseph-young-1
2015,Andrew Harrison,harrian01,andrew-harrison-1
2015,Marcus Thornton,thornma02,marcus-thornton-3
2015,Norman Powell,powelno01,norman-powell-1
2015,Artūras Gudaitis,gudaiar01,
2015,Dakari Johnson,johnsda04,dakari-johnson-1
2015,Aaron White,whiteaa01,aaron-white-3
2015,Marcus Eriksson,eriksma01,
2015,Tyler Harvey,harvety01,tyler-harvey-1
2015,Satnam Singh Bhamara,singhsa01,
2015,Sir'Dominic Pointer,pointsi01,sirdominic-pointer-1
2015,Dani Díez de la Faya,diezda01,
2015,Cady Lalanne,lalanca01,cady-lalanne-1
2015,Branden Dawson,dawsobr01,branden-dawson-1
2015,Nikola Radičević,radicni01,
2015,J.P. Tokoto,tokotjp01,jp-tokoto-1
2015,Dimitrios Agravanis,agravdi01,
2015,Luka Mitrović,mitrolu01,
2016,Ben Simmons,simmobe01,ben-simmons-1
2016,Brandon Ingram,ingrabr01,brandon-ingram-1
2016,Jaylen Brown,brownja02,jaylen-brown-1
2016,Dragan Bender,bendedr01,
2016,Kris Dunn,dunnkr01,kris-dunn-1
2016,Buddy Hield,hieldbu01,buddy-hield-1
2016,Jamal Murray,murraja01,jamal-murray-1
2016,Marquese Chriss,chrisma01,marquese-chriss-1
2016,Jakob Pöltl,poeltja01,jakob-poeltl-1
2016,Thon Maker,makerth01,
2016,Domantas Sabonis,sabondo01,domantas-sabonis-1
2016,Taurean Waller-Prince,princta02,taurean-prince-1
2016,Georgios Papagiannis,papagge01,
2016,Denzel Valentine,valende01,denzel-valentine-1
2016,Juan Hernangómez,hernaju01,
2016,Guerschon Yabusele,yabusgu01,
2016,Wade Baldwin,baldwwa01,wade-baldwin-1
2016,Henry Ellenson,ellenhe01,henry-ellenson-1
2016,Malik Beasley,beaslma01,malik-beasley-1
2016,Caris LeVert,leverca01,caris-levert-1
2016,DeAndre' Bembry,bembrde01,deandre-bembry-1
2016,Malachi Richardson,richama01,malachi-richardson-1
2016,Ante Žižić,zizican01,
2016,Timothé Luwawu-Cabarrot,luwawti01,
2016,Brice Johnson,johnsbr02,brice-johnson-1
2016,Furkan Korkmaz,korkmfu01,
2016,Pascal Siakam,siakapa01,pascal-siakam-1
2016,Skal Labissière,labissk01,skal-labissiere-1
2016,Dejounte Murray,murrade01,dejounte-murray-1
2016,Damian Jones,jonesda03,damian-jones-1
2016,Deyonta Davis,davisde01,deyonta-davis-1
2016,Ivica Zubac,zubaciv01,
2016,Cheick Diallo,diallch01,cheick-diallo-1
2016,Tyler Ulis,ulisty01,tyler-ulis-1
2016,Rade Zagorac,zagorra01,
2016,Malcolm Brogdon,brogdma01,malcolm-brogdon-1
2016,Chinanu Onuaku,onuakch01,chinanu-onuaku-1
2016,Patrick McCaw,mccawpa01,patrick-mccaw-1
2016,David Michineau,michida01,
2016,Diamond Stone,stonedi01,diamond-stone-1
2016,Stephen Zimmerman,zimmest01,stephen-zimmermanjr-1
2016,Isaiah Whitehead,whiteis01,isaiah-whitehead-1
2016,Zhou Qi,qizh01,
2016,Isaïa Cordinier,cordiis01,
2016,Demetrius Jackson,jacksde01,demetrius-jackson-2
2016,A.J. Hammons,hammoaj01,aj-hammons-1
2016,Jake Layman,laymaja01,jake-layman-1
2016,Paul Zipser,zipsepa01,
2016,Michael Gbinije,gbinimi01,michael-gbinije-1
2016,Georges Niang,niangge01,georges-niang-1
2016,Ben Bentil,bentibe01,ben-bentil-1
2016,Joel Bolomboy,bolomjo01,joel-bolomboy-1
2016,Petr Cornelie,cornepe01,
2016,Kay Felder,feldeka01,kahlil-felder-1
2016,Marcus Paige,paigema01,marcus-paige-1
2016,Daniel Hamilton,hamilda02,daniel-hamilton-1
2016,Wang Zhelin,sheliwa01,
2016,Abdel Nader,naderab01,abdel-nader-1
2016,Isaiah Cousins,cousiis01,isaiah-cousins-1
2016,Tyrone Wallace,wallaty01,tyrone-wallace-1
2017,Markelle Fultz,fultzma01,markelle-fultz-1
2017,Lonzo Ball,balllo01,lonzo-ball-1
2017,Jayson Tatum,tatumja01,jayson-tatum-1
2017,Josh Jackson,jacksjo02,josh-jackson-2
2017,De'Aaron Fox,foxde01,deaaron-fox-1
2017,Jonathan Isaac,isaacjo01,jonathan-isaac-1
2017,Lauri Markkanen,markkla01,lauri-markkanen-1
2017,Frank Ntilikina,ntilila01,
2017,Dennis Smith,smithde03,dennis-smithjr-1
2017,Zach Collins,colliza01,zach-collins-1
2017,Malik Monk,monkma01,malik-monk-1
2017,Luke Kennard,kennalu01,luke-kennard-1
2017,Donovan Mitchell,mitchdo01,donovan-mitchell-1
2017,Bam Adebayo,adebaba01,edrice-adebayo-1
2017,Justin Jackson,jacksju01,justin-jackson-4
2017,Justin Patton,pattoju01,justin-patton-1
2017,D.J. Wilson,wilsodj01,dj-wilson-1
2017,T.J. Leaf,leaftj01,tj-leaf-1
2017,John Collins,collijo01,john-collins-1
2017,Harry Giles,gilesha01,harry-giles-1
2017,Terrance Ferguson,fergute01,
2017,Jarrett Allen,allenja01,jarrett-allen-1
2017,OG Anunoby,anunoog01,og-anunoby-1
2017,Tyler Lydon,lydonty01,tyler-lydon-1
2017,Anžejs Pasečņiks,pasecan01,
2017,Caleb Swanigan,swanica01,caleb-swanigan-1
2017,Kyle Kuzma,kuzmaky01,kyle-kuzma-1
2017,Tony Bradley,bradlto01,tony-bradley-1
2017,Derrick White,whitede01,derrick-white-1
2017,Josh Hart,hartjo01,josh-hart-1
2017,Frank Jackson,jacksfr01,frank-jackson-2
2017,Davon Reed,reedda01,davon-reed-1
2017,Wesley Iwundu,iwundwe01,wesley-iwundu-1
2017,Frank Mason,masonfr01,frank-mason-1
2017,Ivan Rabb,rabbiv01,ivan-rabb-1
2017,Jonah Bolden,boldejo01,jonah-bolden-1
2017,Semi Ojeleye,ojelese01,semi-ojeleye-1
2017,Jordan Bell,belljo01,jordan-bell-1
2017,Jawun Evans,evansja01,jawun-evans-1
2017,Dwayne Bacon,bacondw01,dwayne-bacon-1
2017,Tyler Dorsey,dorsety01,tyler-dorsey-1
2017,Thomas Bryant,bryanth01,thomas-bryant-1
2017,Isaiah Hartenstein,harteis01,
2017,Damyean Dotson,dotsoda01,damyean-dotson-1
2017,Dillon Brooks,brookdi01,dillon-brooks-1
2017,Sterling Brown,brownst02,sterling-brown-2
2017,Ike Anigbogu,anigbik01,ike-anigbogu-1
2017,Sindarius Thornwell,thornsi01,sindarius-thornwell-1
2017,Vlatko Čančar,cancavl01,
2017,Mathias Lessort,lessoma01,
2017,Monte Morris,morrimo01,monte-morris-1
2017,Edmond Sumner,sumneed01,edmond-sumner-1
2017,Kadeem Allen,allenka01,kadeem-allen-1
2017,Alec Peters,peteral01,alec-peters-1
2017,Nigel Williams-Goss,willini01,nigel-williams-goss-1
2017,Jabari Bird,birdja01,jabari-bird-1
2017,Aleksandar Vezenkov,vezenal01,
2017,Ognjen Jaramaz,jaramog01,
2017,Jaron Blossomgame,blossja01,jaron-blossomgame-1
2017,Alpha Kaba,kabaal01,
2018,Deandre Ayton,aytonde01,deandre-ayton-1
2018,Marvin Bagley,baglema01,marvin-bagleyiii-1
2018,Luka Dončić,doncilu01,
2018,Jaren Jackson,jacksja02,jaren-jacksonjr-1
2018,Trae Young,youngtr01,trae-young-1
2018,Mohamed Bamba,bambamo01,mohamed-bamba-1
2018,Wendell Carter,cartewe01,wendell-carterjr-1
2018,Collin Sexton,sextoco01,collin-sexton-1
2018,Kevin Knox,knoxke01,kevin-knox-1
2018,Mikal Bridges,bridgmi01,mikal-bridges-1
2018,Shai Gilgeous-Alexander,gilgesh01,shai-gilgeous-alexander-1
2018,Miles Bridges,bridgmi02,miles-bridges-1
2018,Jerome Robinson,robinje01,jerome-robinson-2
2018,Michael Porter,portemi01,michael-porterjr-1
2018,Troy Brown,browntr01,troy-brown-5
2018,Zhaire Smith,smithzh01,zhaire-smith-1
2018,Donte DiVincenzo,divindo01,donte-divincenzo-1
2018,Lonnie Walker,walkelo01,lonnie-walker-2
2018,Kevin Huerter,huertke01,kevin-huerter-1
2018,Josh Okogie,okogijo01,josh-okogie-1
2018,Grayson Allen,allengr01,grayson-allen-1
2018,Chandler Hutchison,hutchch01,chandler-hutchison-1
2018,Aaron Holiday,holidaa01,aaron-holiday-1
2018,Anfernee Simons,simonan01,
2018,Moritz Wagner,wagnemo01,moritz-wagner-1
2018,Landry Shamet,shamela01,landry-shamet-1
2018,Robert Williams,williro04,robert-williams-3
2018,Jacob Evans,evansja02,jacob-evans-1
2018,Džanan Musa,musadz01,
2018,Omari Spellman,spellom01,omari-spellman-1
2018,Élie Okobo,okoboel01,
2018,Jevon Carter,carteje01,jevon-carter-1
2018,Jalen Brunson,brunsja01,jalen-brunson-1
2018,Devonte' Graham,grahade01,devonte-graham-1
2018,Melvin Frazier,frazime01,melvin-frazier-1
2018,Mitchell Robinson,robinmi01,
2018,Gary Trent,trentga02,gary-trentjr-1
2018,Khyri Thomas,thomakh01,khyri-thomas-1
2018,Isaac Bonga,bongais01,
2018,Rodions Kurucs,kurucro01,
2018,Jarred Vanderbilt,vandeja01,jarred-vanderbilt-1
2018,Bruce Brown,brownbr01,bruce-brown-2
2018,Justin Jackson,jacksju02,justin-jackson-5
2018,Issuf Sanon,sanonis01,
2018,Hamidou Diallo,diallha01,hamidou-diallo-1
2018,De'Anthony Melton,meltode01,deanthony-melton-1
2018,Sviatoslav Mykhailiuk,mykhasv01,sviatoslav-mykhailiuk-1
2018,Keita Bates-Diop,bateske01,keita-bates-diop-1
2018,Chimezie Metu,metuch01,chimezie-metu-1
2018,Alize Johnson,johnsal02,alize-johnson-1
2018,Tony Carr,carrto01,tony-carr-1
2018,Vince Edwards,edwarvi01,vince-edwards-2
2018,Devon Hall,hallde01,devon-hall-1
2018,Shake Milton,miltosh01,malik-milton-1
2018,Arnoldas Kulboka,kulboar01,
2018,Ray Spalding,spaldra01,raymond-spalding-1
2018,Kevin Hervey,herveke01,kevin-hervey-1
2018,Thomas Welsh,welshth01,thomas-welsh-1
2018,George King,kingge03,george-king-1
2018,Kostas Antetokounmpo,antetko01,kostas-antetokounmpo-1
2019,Zion Williamson,willizi01,zion-williamson-1
2019,Ja Morant,moranja01,temetrius-morant-1
2019,RJ Barrett,barrerj01,rj-barrett-1
2019,De'Andre Hunter,huntede01,deandre-hunter-1
2019,Darius Garland,garlada01,darius-garland-1
2019,Jarrett Culver,culveja01,jarrett-culver-1
2019,Coby White,whiteco01,coby-white-1
2019,Jaxson Hayes,hayesja02,jaxson-hayes-1
2019,Rui Hachimura,hachiru01,rui-hachimura-1
2019,Cam Reddish,reddica01,cam-reddish-1
2019,Cameron Johnson,johnsca02,cameron-johnson-4
2019,PJ Washington,washipj01,pj-washington-1
2019,Tyler Herro,herroty01,tyler-herro-1
2019,Romeo Langford,langfro01,romeo-langford-1
2019,Sekou Doumbouya,doumbse01,
2019,Chuma Okeke,okekech01,chuma-okeke-1
2019,Nickeil Alexander-Walker,alexani01,nickeil-alexander-walker-1
2019,Goga Bitadze,bitadgo01,
2019,Luka Šamanić,samanlu01,
2019,Matisse Thybulle,thybuma01,matisse-thybulle-1
2019,Brandon Clarke,clarkbr01,brandon-clarke-1
2019,Grant Williams,willigr01,grant-williams-1
2019,Darius Bazley,bazleda01,
2019,Ty Jerome,jeromty01,ty-jerome-1
2019,Nassir Little,littlna01,nassir-little-1
2019,Dylan Windler,windldy01,dylan-windler-1
2019,Mfiondu Kabengele,kabenmf01,mfiondu-kabengele-1
2019,Jordan Poole,poolejo01,jordan-poole-1
2019,Keldon Johnson,johnske04,keldon-johnson-1
2019,Kevin Porter,porteke02,kevin-porterjr-1
2019,Nicolas Claxton,claxtni01,nicolas-claxton-1
2019,KZ Okpala,okpalkz01,kezie-okpala-1
2019,Carsen Edwards,edwarca01,carsen-edwards-1
2019,Bruno Fernando,fernabr01,bruno-fernando-1
2019,Marcos Louzada Silva,louzama01,
2019,Cody Martin,martico01,cody-martin-1
2019,Deividas Sirvydis,sirvyde01,
2019,Daniel Gafford,gaffoda01,daniel-gafford-1
2019,Alen Smailagić,smailal01,
2019,Justin James,jamesju01,justin-james-2
2019,Eric Paschall,pascher01,eric-paschall-1
2019,Admiral Schofield,schofad01,admiral-schofield-1
2019,Jaylen Nowell,nowelja01,jaylen-nowell-1
2019,Bol Bol,bolbo01,bol-bol-1
2019,Isaiah Roby,robyis01,isaiah-roby-1
2019,Talen Horton-Tucker,hortota01,talen-horton-tucker-1
2019,Ignas Brazdeikis,brazdig01,ignas-brazdeikis-1
2019,Terance Mann,mannte01,terance-mann-1
2019,Quinndary Weatherspoon,weathqu01,quinndary-weatherspoon-1
2019,Jarrell Brantley,brantja01,jarrell-brantley-1
2019,Tremont Waters,watertr01,tremont-waters-1
2019,Jalen McDaniels,mcdanja01,jalen-mcdaniels-1
2019,Justin Wright-Foreman,wrighju02,justin-wright-foreman-1
2019,Marial Shayok,shayoma01,marial-shayok-1
2019,Kyle Guy,guyky01,kyle-guy-1
2019,Jaylen Hands,handsja01,jaylen-hands-1
2019,Jordan Bone,bonejo01,jordan-bone-1
2019,Miye Oni,onimi01,miye-oni-1
2019,Dewan Hernandez,hernade01,dewan-huell-1
2019,Vanja Marinković,marinva01,
